Andres;Iniesta;Spain, Barcelona;2017-01-01;2017-05-25
Lionel;Messi;Spain, Barcelona;2017-01-01;2017-05-25
Neymar;Da Silva Jr.;Spain, Barcelona;2017-01-01;2017-05-25
James;Rodriguez;Spain, Madrid;2017-01-01;2017-05-25
Cristiano;Ronaldo;Spain, Madrid;2017-01-01;2017-05-25
Andre;Gomes;Spain, Barcelona;2017-01-01;2017-05-25
Luis;Suarez;Spain, Madrid;2017-01-01;2017-05-25
Gerard;Pique;Spain, Barcelona;2017-01-01;2017-05-25
Jordi;Alba;Spain, Barcelona;2017-01-01;2017-05-25
Aleix;Vidal;Spain, Barcelona;2017-01-01;2017-05-25
Serigo;Busquets;Spain, Barcelona;2017-01-01;2017-05-25
Ivan;Rakitic;Spain, Barcelona;2017-01-01;2017-05-25
Antoine;Greizmann;Spain, Madrid;2017-01-01;2017-05-25
Saul;Niguez;Spain, Madrid;2017-01-01;2017-05-25
Arda;Turan;Spain, Barcelona;2017-01-01;2017-05-25